<annotation>
	<folder>images_jpg</folder>
	<filename>bike_13.jpg</filename>
	<path>C:\Users\itane\Documents\GitHub\ComputerVisionAndSensorFunsion\exercises3\data\images_jpg\bike_13.jpg</path>
	<source>
		<database>Unknown</database>
	</source>
	<size>
		<width>1776</width>
		<height>1080</height>
		<depth>3</depth>
	</size>
	<segmented>0</segmented>
	<object>
		<name>bicycle</name>
		<pose>Unspecified</pose>
		<truncated>0</truncated>
		<difficult>0</difficult>
		<bndbox>
			<xmin>38</xmin>
			<ymin>51</ymin>
			<xmax>1733</xmax>
			<ymax>1009</ymax>
		</bndbox>
	</object>
</annotation>
