<annotation>
	<folder>images_jpg</folder>
	<filename>bike_19.jpg</filename>
	<path>C:\Users\itane\Documents\GitHub\ComputerVisionAndSensorFunsion\exercises3\data\images_jpg\bike_19.jpg</path>
	<source>
		<database>Unknown</database>
	</source>
	<size>
		<width>1568</width>
		<height>1045</height>
		<depth>3</depth>
	</size>
	<segmented>0</segmented>
	<object>
		<name>bicycle</name>
		<pose>Unspecified</pose>
		<truncated>0</truncated>
		<difficult>0</difficult>
		<bndbox>
			<xmin>40</xmin>
			<ymin>94</ymin>
			<xmax>1518</xmax>
			<ymax>987</ymax>
		</bndbox>
	</object>
</annotation>
