<annotation>
	<folder>images_jpg</folder>
	<filename>bike_15.jpg</filename>
	<path>C:\Users\itane\Documents\GitHub\ComputerVisionAndSensorFunsion\exercises3\data\images_jpg\bike_15.jpg</path>
	<source>
		<database>Unknown</database>
	</source>
	<size>
		<width>2350</width>
		<height>1200</height>
		<depth>3</depth>
	</size>
	<segmented>0</segmented>
	<object>
		<name>bicycle</name>
		<pose>Unspecified</pose>
		<truncated>0</truncated>
		<difficult>0</difficult>
		<bndbox>
			<xmin>722</xmin>
			<ymin>412</ymin>
			<xmax>1368</xmax>
			<ymax>1103</ymax>
		</bndbox>
	</object>
	<object>
		<name>bicycle</name>
		<pose>Unspecified</pose>
		<truncated>0</truncated>
		<difficult>0</difficult>
		<bndbox>
			<xmin>1390</xmin>
			<ymin>403</ymin>
			<xmax>2166</xmax>
			<ymax>1092</ymax>
		</bndbox>
	</object>
</annotation>
