<annotation>
	<folder>images_jpg</folder>
	<filename>bike_1.jpg</filename>
	<path>C:\Users\itane\Documents\GitHub\ComputerVisionAndSensorFunsion\exercises3\data\images_jpg\bike_1.jpg</path>
	<source>
		<database>Unknown</database>
	</source>
	<size>
		<width>1020</width>
		<height>680</height>
		<depth>3</depth>
	</size>
	<segmented>0</segmented>
	<object>
		<name>bicycle</name>
		<pose>Unspecified</pose>
		<truncated>0</truncated>
		<difficult>0</difficult>
		<bndbox>
			<xmin>65</xmin>
			<ymin>165</ymin>
			<xmax>731</xmax>
			<ymax>633</ymax>
		</bndbox>
	</object>
	<object>
		<name>bicycle</name>
		<pose>Unspecified</pose>
		<truncated>1</truncated>
		<difficult>0</difficult>
		<bndbox>
			<xmin>736</xmin>
			<ymin>253</ymin>
			<xmax>1020</xmax>
			<ymax>633</ymax>
		</bndbox>
	</object>
</annotation>
