<annotation>
	<folder>images_jpg</folder>
	<filename>bike_3.jpg</filename>
	<path>C:\Users\itane\Documents\GitHub\ComputerVisionAndSensorFunsion\exercises3\data\images_jpg\bike_3.jpg</path>
	<source>
		<database>Unknown</database>
	</source>
	<size>
		<width>1199</width>
		<height>800</height>
		<depth>3</depth>
	</size>
	<segmented>0</segmented>
	<object>
		<name>bicycle</name>
		<pose>Unspecified</pose>
		<truncated>0</truncated>
		<difficult>0</difficult>
		<bndbox>
			<xmin>29</xmin>
			<ymin>7</ymin>
			<xmax>1146</xmax>
			<ymax>772</ymax>
		</bndbox>
	</object>
</annotation>
