<annotation>
	<folder>images_jpg</folder>
	<filename>bike_14.jpg</filename>
	<path>C:\Users\itane\Documents\GitHub\ComputerVisionAndSensorFunsion\exercises3\data\images_jpg\bike_14.jpg</path>
	<source>
		<database>Unknown</database>
	</source>
	<size>
		<width>1480</width>
		<height>832</height>
		<depth>3</depth>
	</size>
	<segmented>0</segmented>
	<object>
		<name>bicycle</name>
		<pose>Unspecified</pose>
		<truncated>0</truncated>
		<difficult>0</difficult>
		<bndbox>
			<xmin>247</xmin>
			<ymin>63</ymin>
			<xmax>1236</xmax>
			<ymax>786</ymax>
		</bndbox>
	</object>
</annotation>
