<annotation>
	<folder>images_jpg</folder>
	<filename>bike_23.jpg</filename>
	<path>C:\Users\itane\Documents\GitHub\ComputerVisionAndSensorFunsion\exercises3\data\images_jpg\bike_23.jpg</path>
	<source>
		<database>Unknown</database>
	</source>
	<size>
		<width>1946</width>
		<height>1441</height>
		<depth>3</depth>
	</size>
	<segmented>0</segmented>
	<object>
		<name>bicycle</name>
		<pose>Unspecified</pose>
		<truncated>0</truncated>
		<difficult>0</difficult>
		<bndbox>
			<xmin>19</xmin>
			<ymin>105</ymin>
			<xmax>1932</xmax>
			<ymax>1339</ymax>
		</bndbox>
	</object>
</annotation>
