<annotation>
	<folder>images_jpg</folder>
	<filename>bin_7.jpg</filename>
	<path>C:\Users\itane\Documents\GitHub\ComputerVisionAndSensorFunsion\exercises3\data\images_jpg\bin_7.jpg</path>
	<source>
		<database>Unknown</database>
	</source>
	<size>
		<width>2300</width>
		<height>1533</height>
		<depth>3</depth>
	</size>
	<segmented>0</segmented>
	<object>
		<name>trash bin</name>
		<pose>Unspecified</pose>
		<truncated>0</truncated>
		<difficult>0</difficult>
		<bndbox>
			<xmin>705</xmin>
			<ymin>370</ymin>
			<xmax>1435</xmax>
			<ymax>1355</ymax>
		</bndbox>
	</object>
</annotation>
