<annotation>
	<folder>images_jpg</folder>
	<filename>bin_24.jpg</filename>
	<path>C:\Users\itane\Documents\GitHub\ComputerVisionAndSensorFunsion\exercises3\data\images_jpg\bin_24.jpg</path>
	<source>
		<database>Unknown</database>
	</source>
	<size>
		<width>750</width>
		<height>422</height>
		<depth>3</depth>
	</size>
	<segmented>0</segmented>
	<object>
		<name>trash bin</name>
		<pose>Unspecified</pose>
		<truncated>1</truncated>
		<difficult>0</difficult>
		<bndbox>
			<xmin>328</xmin>
			<ymin>94</ymin>
			<xmax>749</xmax>
			<ymax>422</ymax>
		</bndbox>
	</object>
	<object>
		<name>trash bin</name>
		<pose>Unspecified</pose>
		<truncated>1</truncated>
		<difficult>0</difficult>
		<bndbox>
			<xmin>251</xmin>
			<ymin>60</ymin>
			<xmax>696</xmax>
			<ymax>422</ymax>
		</bndbox>
	</object>
	<object>
		<name>trash bin</name>
		<pose>Unspecified</pose>
		<truncated>1</truncated>
		<difficult>0</difficult>
		<bndbox>
			<xmin>188</xmin>
			<ymin>57</ymin>
			<xmax>510</xmax>
			<ymax>422</ymax>
		</bndbox>
	</object>
	<object>
		<name>trash bin</name>
		<pose>Unspecified</pose>
		<truncated>1</truncated>
		<difficult>0</difficult>
		<bndbox>
			<xmin>132</xmin>
			<ymin>44</ymin>
			<xmax>424</xmax>
			<ymax>422</ymax>
		</bndbox>
	</object>
	<object>
		<name>trash bin</name>
		<pose>Unspecified</pose>
		<truncated>0</truncated>
		<difficult>0</difficult>
		<bndbox>
			<xmin>80</xmin>
			<ymin>54</ymin>
			<xmax>251</xmax>
			<ymax>384</ymax>
		</bndbox>
	</object>
	<object>
		<name>trash bin</name>
		<pose>Unspecified</pose>
		<truncated>0</truncated>
		<difficult>0</difficult>
		<bndbox>
			<xmin>2</xmin>
			<ymin>30</ymin>
			<xmax>144</xmax>
			<ymax>265</ymax>
		</bndbox>
	</object>
</annotation>
