<annotation>
	<folder>images_jpg</folder>
	<filename>bin_12.jpg</filename>
	<path>C:\Users\itane\Documents\GitHub\ComputerVisionAndSensorFunsion\exercises3\data\images_jpg\bin_12.jpg</path>
	<source>
		<database>Unknown</database>
	</source>
	<size>
		<width>5635</width>
		<height>3934</height>
		<depth>3</depth>
	</size>
	<segmented>0</segmented>
	<object>
		<name>trash bin</name>
		<pose>Unspecified</pose>
		<truncated>0</truncated>
		<difficult>0</difficult>
		<bndbox>
			<xmin>1895</xmin>
			<ymin>753</ymin>
			<xmax>3881</xmax>
			<ymax>3929</ymax>
		</bndbox>
	</object>
	<object>
		<name>trash bin</name>
		<pose>Unspecified</pose>
		<truncated>0</truncated>
		<difficult>0</difficult>
		<bndbox>
			<xmin>1257</xmin>
			<ymin>1019</ymin>
			<xmax>2476</xmax>
			<ymax>3881</ymax>
		</bndbox>
	</object>
	<object>
		<name>trash bin</name>
		<pose>Unspecified</pose>
		<truncated>0</truncated>
		<difficult>0</difficult>
		<bndbox>
			<xmin>595</xmin>
			<ymin>1314</ymin>
			<xmax>1462</xmax>
			<ymax>3729</ymax>
		</bndbox>
	</object>
	<object>
		<name>pedestrian</name>
		<pose>Unspecified</pose>
		<truncated>1</truncated>
		<difficult>0</difficult>
		<bndbox>
			<xmin>3753</xmin>
			<ymin>5</ymin>
			<xmax>5635</xmax>
			<ymax>3930</ymax>
		</bndbox>
	</object>
</annotation>
