<annotation>
	<folder>images_jpg</folder>
	<filename>bin_6.jpg</filename>
	<path>C:\Users\itane\Documents\GitHub\ComputerVisionAndSensorFunsion\exercises3\data\images_jpg\bin_6.jpg</path>
	<source>
		<database>Unknown</database>
	</source>
	<size>
		<width>1571</width>
		<height>1076</height>
		<depth>3</depth>
	</size>
	<segmented>0</segmented>
	<object>
		<name>trash bin</name>
		<pose>Unspecified</pose>
		<truncated>0</truncated>
		<difficult>0</difficult>
		<bndbox>
			<xmin>591</xmin>
			<ymin>245</ymin>
			<xmax>1010</xmax>
			<ymax>1011</ymax>
		</bndbox>
	</object>
</annotation>
