<annotation>
	<folder>images_jpg</folder>
	<filename>bin_15.jpg</filename>
	<path>C:\Users\itane\Documents\GitHub\ComputerVisionAndSensorFunsion\exercises3\data\images_jpg\bin_15.jpg</path>
	<source>
		<database>Unknown</database>
	</source>
	<size>
		<width>1024</width>
		<height>768</height>
		<depth>3</depth>
	</size>
	<segmented>0</segmented>
	<object>
		<name>trash bin</name>
		<pose>Unspecified</pose>
		<truncated>0</truncated>
		<difficult>0</difficult>
		<bndbox>
			<xmin>3</xmin>
			<ymin>148</ymin>
			<xmax>388</xmax>
			<ymax>687</ymax>
		</bndbox>
	</object>
	<object>
		<name>trash bin</name>
		<pose>Unspecified</pose>
		<truncated>0</truncated>
		<difficult>0</difficult>
		<bndbox>
			<xmin>383</xmin>
			<ymin>140</ymin>
			<xmax>773</xmax>
			<ymax>632</ymax>
		</bndbox>
	</object>
	<object>
		<name>trash bin</name>
		<pose>Unspecified</pose>
		<truncated>0</truncated>
		<difficult>0</difficult>
		<bndbox>
			<xmin>640</xmin>
			<ymin>145</ymin>
			<xmax>997</xmax>
			<ymax>551</ymax>
		</bndbox>
	</object>
</annotation>
