<annotation>
	<folder>images_jpg</folder>
	<filename>bus_22.jpg</filename>
	<path>C:\Users\itane\Documents\GitHub\ComputerVisionAndSensorFunsion\exercises3\data\images_jpg\bus_22.jpg</path>
	<source>
		<database>Unknown</database>
	</source>
	<size>
		<width>400</width>
		<height>400</height>
		<depth>3</depth>
	</size>
	<segmented>0</segmented>
	<object>
		<name>bus</name>
		<pose>Unspecified</pose>
		<truncated>1</truncated>
		<difficult>0</difficult>
		<bndbox>
			<xmin>93</xmin>
			<ymin>52</ymin>
			<xmax>400</xmax>
			<ymax>359</ymax>
		</bndbox>
	</object>
</annotation>
