<annotation>
	<folder>images_jpg</folder>
	<filename>bus_13.jpg</filename>
	<path>C:\Users\itane\Documents\GitHub\ComputerVisionAndSensorFunsion\exercises3\data\images_jpg\bus_13.jpg</path>
	<source>
		<database>Unknown</database>
	</source>
	<size>
		<width>1595</width>
		<height>1234</height>
		<depth>3</depth>
	</size>
	<segmented>0</segmented>
	<object>
		<name>bus</name>
		<pose>Unspecified</pose>
		<truncated>0</truncated>
		<difficult>0</difficult>
		<bndbox>
			<xmin>223</xmin>
			<ymin>123</ymin>
			<xmax>1534</xmax>
			<ymax>1072</ymax>
		</bndbox>
	</object>
</annotation>
