<annotation>
	<folder>images_jpg</folder>
	<filename>bus_11.jpg</filename>
	<path>C:\Users\itane\Documents\GitHub\ComputerVisionAndSensorFunsion\exercises3\data\images_jpg\bus_11.jpg</path>
	<source>
		<database>Unknown</database>
	</source>
	<size>
		<width>862</width>
		<height>428</height>
		<depth>3</depth>
	</size>
	<segmented>0</segmented>
	<object>
		<name>bus</name>
		<pose>Unspecified</pose>
		<truncated>0</truncated>
		<difficult>0</difficult>
		<bndbox>
			<xmin>84</xmin>
			<ymin>128</ymin>
			<xmax>797</xmax>
			<ymax>390</ymax>
		</bndbox>
	</object>
</annotation>
