<annotation>
	<folder>images_jpg</folder>
	<filename>bus_14.jpg</filename>
	<path>C:\Users\itane\Documents\GitHub\ComputerVisionAndSensorFunsion\exercises3\data\images_jpg\bus_14.jpg</path>
	<source>
		<database>Unknown</database>
	</source>
	<size>
		<width>1145</width>
		<height>645</height>
		<depth>3</depth>
	</size>
	<segmented>0</segmented>
	<object>
		<name>bus</name>
		<pose>Unspecified</pose>
		<truncated>0</truncated>
		<difficult>0</difficult>
		<bndbox>
			<xmin>367</xmin>
			<ymin>159</ymin>
			<xmax>1056</xmax>
			<ymax>589</ymax>
		</bndbox>
	</object>
</annotation>
