<annotation>
	<folder>images_jpg</folder>
	<filename>car_2.jpg</filename>
	<path>C:\Users\itane\Documents\GitHub\ComputerVisionAndSensorFunsion\exercises3\data\images_jpg\car_2.jpg</path>
	<source>
		<database>Unknown</database>
	</source>
	<size>
		<width>4333</width>
		<height>2204</height>
		<depth>3</depth>
	</size>
	<segmented>0</segmented>
	<object>
		<name>car</name>
		<pose>Unspecified</pose>
		<truncated>0</truncated>
		<difficult>0</difficult>
		<bndbox>
			<xmin>71</xmin>
			<ymin>202</ymin>
			<xmax>4193</xmax>
			<ymax>2005</ymax>
		</bndbox>
	</object>
</annotation>
