<annotation>
	<folder>images_jpg</folder>
	<filename>moto_12.jpg</filename>
	<path>C:\Users\itane\Documents\GitHub\ComputerVisionAndSensorFunsion\exercises3\data\images_jpg\moto_12.jpg</path>
	<source>
		<database>Unknown</database>
	</source>
	<size>
		<width>776</width>
		<height>436</height>
		<depth>3</depth>
	</size>
	<segmented>0</segmented>
	<object>
		<name>motorcycle</name>
		<pose>Unspecified</pose>
		<truncated>0</truncated>
		<difficult>0</difficult>
		<bndbox>
			<xmin>182</xmin>
			<ymin>86</ymin>
			<xmax>686</xmax>
			<ymax>435</ymax>
		</bndbox>
	</object>
</annotation>
