<annotation>
	<folder>images_jpg</folder>
	<filename>moto_19.jpg</filename>
	<path>C:\Users\itane\Documents\GitHub\ComputerVisionAndSensorFunsion\exercises3\data\images_jpg\moto_19.jpg</path>
	<source>
		<database>Unknown</database>
	</source>
	<size>
		<width>4928</width>
		<height>3280</height>
		<depth>3</depth>
	</size>
	<segmented>0</segmented>
	<object>
		<name>motorcycle</name>
		<pose>Unspecified</pose>
		<truncated>0</truncated>
		<difficult>0</difficult>
		<bndbox>
			<xmin>585</xmin>
			<ymin>433</ymin>
			<xmax>4282</xmax>
			<ymax>2927</ymax>
		</bndbox>
	</object>
</annotation>
