<annotation>
	<folder>images_jpg</folder>
	<filename>pedestrian_11.jpg</filename>
	<path>C:\Users\itane\Documents\GitHub\ComputerVisionAndSensorFunsion\exercises3\data\images_jpg\pedestrian_11.jpg</path>
	<source>
		<database>Unknown</database>
	</source>
	<size>
		<width>4288</width>
		<height>2848</height>
		<depth>3</depth>
	</size>
	<segmented>0</segmented>
	<object>
		<name>pedestrian</name>
		<pose>Unspecified</pose>
		<truncated>0</truncated>
		<difficult>0</difficult>
		<bndbox>
			<xmin>1871</xmin>
			<ymin>1211</ymin>
			<xmax>2380</xmax>
			<ymax>2491</ymax>
		</bndbox>
	</object>
	<object>
		<name>pedestrian</name>
		<pose>Unspecified</pose>
		<truncated>0</truncated>
		<difficult>0</difficult>
		<bndbox>
			<xmin>2245</xmin>
			<ymin>1176</ymin>
			<xmax>2771</xmax>
			<ymax>2479</ymax>
		</bndbox>
	</object>
	<object>
		<name>pedestrian</name>
		<pose>Unspecified</pose>
		<truncated>0</truncated>
		<difficult>0</difficult>
		<bndbox>
			<xmin>2648</xmin>
			<ymin>1173</ymin>
			<xmax>3171</xmax>
			<ymax>2520</ymax>
		</bndbox>
	</object>
</annotation>
