<annotation>
	<folder>images_jpg</folder>
	<filename>pedestrian_1.jpg</filename>
	<path>C:\Users\itane\Documents\GitHub\ComputerVisionAndSensorFunsion\exercises3\data\images_jpg\pedestrian_1.jpg</path>
	<source>
		<database>Unknown</database>
	</source>
	<size>
		<width>1000</width>
		<height>662</height>
		<depth>3</depth>
	</size>
	<segmented>0</segmented>
	<object>
		<name>pedestrian</name>
		<pose>Unspecified</pose>
		<truncated>0</truncated>
		<difficult>0</difficult>
		<bndbox>
			<xmin>337</xmin>
			<ymin>143</ymin>
			<xmax>549</xmax>
			<ymax>537</ymax>
		</bndbox>
	</object>
	<object>
		<name>car</name>
		<pose>Unspecified</pose>
		<truncated>1</truncated>
		<difficult>0</difficult>
		<bndbox>
			<xmin>598</xmin>
			<ymin>143</ymin>
			<xmax>1000</xmax>
			<ymax>461</ymax>
		</bndbox>
	</object>
</annotation>
