<annotation>
	<folder>images_jpg</folder>
	<filename>pedestrian_6.jpg</filename>
	<path>C:\Users\itane\Documents\GitHub\ComputerVisionAndSensorFunsion\exercises3\data\images_jpg\pedestrian_6.jpg</path>
	<source>
		<database>Unknown</database>
	</source>
	<size>
		<width>967</width>
		<height>734</height>
		<depth>3</depth>
	</size>
	<segmented>0</segmented>
	<object>
		<name>pedestrian</name>
		<pose>Unspecified</pose>
		<truncated>0</truncated>
		<difficult>0</difficult>
		<bndbox>
			<xmin>653</xmin>
			<ymin>161</ymin>
			<xmax>886</xmax>
			<ymax>732</ymax>
		</bndbox>
	</object>
	<object>
		<name>traffic light</name>
		<pose>Unspecified</pose>
		<truncated>0</truncated>
		<difficult>0</difficult>
		<bndbox>
			<xmin>576</xmin>
			<ymin>75</ymin>
			<xmax>733</xmax>
			<ymax>230</ymax>
		</bndbox>
	</object>
</annotation>
