<annotation>
	<folder>images_jpg</folder>
	<filename>pedestrian_22.jpg</filename>
	<path>C:\Users\itane\Documents\GitHub\ComputerVisionAndSensorFunsion\exercises3\data\images_jpg\pedestrian_22.jpg</path>
	<source>
		<database>Unknown</database>
	</source>
	<size>
		<width>6000</width>
		<height>4000</height>
		<depth>3</depth>
	</size>
	<segmented>0</segmented>
	<object>
		<name>pedestrian</name>
		<pose>Unspecified</pose>
		<truncated>0</truncated>
		<difficult>0</difficult>
		<bndbox>
			<xmin>493</xmin>
			<ymin>350</ymin>
			<xmax>1185</xmax>
			<ymax>1800</ymax>
		</bndbox>
	</object>
	<object>
		<name>pedestrian</name>
		<pose>Unspecified</pose>
		<truncated>0</truncated>
		<difficult>0</difficult>
		<bndbox>
			<xmin>1064</xmin>
			<ymin>383</ymin>
			<xmax>1718</xmax>
			<ymax>1850</ymax>
		</bndbox>
	</object>
	<object>
		<name>pedestrian</name>
		<pose>Unspecified</pose>
		<truncated>0</truncated>
		<difficult>0</difficult>
		<bndbox>
			<xmin>1785</xmin>
			<ymin>346</ymin>
			<xmax>2902</xmax>
			<ymax>2296</ymax>
		</bndbox>
	</object>
	<object>
		<name>pedestrian</name>
		<pose>Unspecified</pose>
		<truncated>0</truncated>
		<difficult>0</difficult>
		<bndbox>
			<xmin>3185</xmin>
			<ymin>446</ymin>
			<xmax>4327</xmax>
			<ymax>3058</ymax>
		</bndbox>
	</object>
	<object>
		<name>pedestrian</name>
		<pose>Unspecified</pose>
		<truncated>0</truncated>
		<difficult>0</difficult>
		<bndbox>
			<xmin>2802</xmin>
			<ymin>88</ymin>
			<xmax>2964</xmax>
			<ymax>546</ymax>
		</bndbox>
	</object>
	<object>
		<name>pedestrian</name>
		<pose>Unspecified</pose>
		<truncated>0</truncated>
		<difficult>0</difficult>
		<bndbox>
			<xmin>2931</xmin>
			<ymin>100</ymin>
			<xmax>3081</xmax>
			<ymax>567</ymax>
		</bndbox>
	</object>
	<object>
		<name>pedestrian</name>
		<pose>Unspecified</pose>
		<truncated>0</truncated>
		<difficult>0</difficult>
		<bndbox>
			<xmin>3039</xmin>
			<ymin>121</ymin>
			<xmax>3256</xmax>
			<ymax>554</ymax>
		</bndbox>
	</object>
	<object>
		<name>car</name>
		<pose>Unspecified</pose>
		<truncated>0</truncated>
		<difficult>0</difficult>
		<bndbox>
			<xmin>1031</xmin>
			<ymin>96</ymin>
			<xmax>1806</xmax>
			<ymax>492</ymax>
		</bndbox>
	</object>
	<object>
		<name>car</name>
		<pose>Unspecified</pose>
		<truncated>0</truncated>
		<difficult>0</difficult>
		<bndbox>
			<xmin>473</xmin>
			<ymin>142</ymin>
			<xmax>1110</xmax>
			<ymax>525</ymax>
		</bndbox>
	</object>
	<object>
		<name>car</name>
		<pose>Unspecified</pose>
		<truncated>0</truncated>
		<difficult>0</difficult>
		<bndbox>
			<xmin>14</xmin>
			<ymin>100</ymin>
			<xmax>523</xmax>
			<ymax>404</ymax>
		</bndbox>
	</object>
	<object>
		<name>pedestrian</name>
		<pose>Unspecified</pose>
		<truncated>0</truncated>
		<difficult>0</difficult>
		<bndbox>
			<xmin>4198</xmin>
			<ymin>113</ymin>
			<xmax>4364</xmax>
			<ymax>463</ymax>
		</bndbox>
	</object>
	<object>
		<name>pedestrian</name>
		<pose>Unspecified</pose>
		<truncated>0</truncated>
		<difficult>0</difficult>
		<bndbox>
			<xmin>4343</xmin>
			<ymin>117</ymin>
			<xmax>4448</xmax>
			<ymax>463</ymax>
		</bndbox>
	</object>
	<object>
		<name>pedestrian</name>
		<pose>Unspecified</pose>
		<truncated>0</truncated>
		<difficult>0</difficult>
		<bndbox>
			<xmin>4581</xmin>
			<ymin>108</ymin>
			<xmax>4689</xmax>
			<ymax>442</ymax>
		</bndbox>
	</object>
	<object>
		<name>pedestrian</name>
		<pose>Unspecified</pose>
		<truncated>0</truncated>
		<difficult>0</difficult>
		<bndbox>
			<xmin>4677</xmin>
			<ymin>96</ymin>
			<xmax>4802</xmax>
			<ymax>450</ymax>
		</bndbox>
	</object>
</annotation>
