<annotation>
	<folder>images_jpg</folder>
	<filename>pedestrian_15.jpg</filename>
	<path>C:\Users\itane\Documents\GitHub\ComputerVisionAndSensorFunsion\exercises3\data\images_jpg\pedestrian_15.jpg</path>
	<source>
		<database>Unknown</database>
	</source>
	<size>
		<width>612</width>
		<height>408</height>
		<depth>3</depth>
	</size>
	<segmented>0</segmented>
	<object>
		<name>pedestrian</name>
		<pose>Unspecified</pose>
		<truncated>0</truncated>
		<difficult>0</difficult>
		<bndbox>
			<xmin>119</xmin>
			<ymin>72</ymin>
			<xmax>309</xmax>
			<ymax>337</ymax>
		</bndbox>
	</object>
	<object>
		<name>pedestrian</name>
		<pose>Unspecified</pose>
		<truncated>0</truncated>
		<difficult>0</difficult>
		<bndbox>
			<xmin>474</xmin>
			<ymin>58</ymin>
			<xmax>526</xmax>
			<ymax>178</ymax>
		</bndbox>
	</object>
	<object>
		<name>pedestrian</name>
		<pose>Unspecified</pose>
		<truncated>0</truncated>
		<difficult>0</difficult>
		<bndbox>
			<xmin>534</xmin>
			<ymin>35</ymin>
			<xmax>606</xmax>
			<ymax>189</ymax>
		</bndbox>
	</object>
</annotation>
