<annotation>
	<folder>images_jpg</folder>
	<filename>signs_18.jpg</filename>
	<path>C:\Users\itane\Documents\GitHub\ComputerVisionAndSensorFunsion\exercises3\data\images_jpg\signs_18.jpg</path>
	<source>
		<database>Unknown</database>
	</source>
	<size>
		<width>1071</width>
		<height>712</height>
		<depth>3</depth>
	</size>
	<segmented>0</segmented>
	<object>
		<name>traffic sign</name>
		<pose>Unspecified</pose>
		<truncated>0</truncated>
		<difficult>0</difficult>
		<bndbox>
			<xmin>489</xmin>
			<ymin>32</ymin>
			<xmax>916</xmax>
			<ymax>682</ymax>
		</bndbox>
	</object>
	<object>
		<name>car</name>
		<pose>Unspecified</pose>
		<truncated>1</truncated>
		<difficult>0</difficult>
		<bndbox>
			<xmin>177</xmin>
			<ymin>624</ymin>
			<xmax>417</xmax>
			<ymax>712</ymax>
		</bndbox>
	</object>
	<object>
		<name>car</name>
		<pose>Unspecified</pose>
		<truncated>1</truncated>
		<difficult>0</difficult>
		<bndbox>
			<xmin>470</xmin>
			<ymin>633</ymin>
			<xmax>655</xmax>
			<ymax>712</ymax>
		</bndbox>
	</object>
</annotation>
