<annotation>
	<folder>images_jpg</folder>
	<filename>signs_26.jpg</filename>
	<path>C:\Users\itane\Documents\GitHub\ComputerVisionAndSensorFunsion\exercises3\data\images_jpg\signs_26.jpg</path>
	<source>
		<database>Unknown</database>
	</source>
	<size>
		<width>1336</width>
		<height>1712</height>
		<depth>3</depth>
	</size>
	<segmented>0</segmented>
	<object>
		<name>traffic sign</name>
		<pose>Unspecified</pose>
		<truncated>1</truncated>
		<difficult>0</difficult>
		<bndbox>
			<xmin>179</xmin>
			<ymin>153</ymin>
			<xmax>1233</xmax>
			<ymax>1712</ymax>
		</bndbox>
	</object>
</annotation>
