<annotation>
	<folder>images_jpg</folder>
	<filename>signs_14.jpg</filename>
	<path>C:\Users\itane\Documents\GitHub\ComputerVisionAndSensorFunsion\exercises3\data\images_jpg\signs_14.jpg</path>
	<source>
		<database>Unknown</database>
	</source>
	<size>
		<width>921</width>
		<height>614</height>
		<depth>3</depth>
	</size>
	<segmented>0</segmented>
	<object>
		<name>traffic sign</name>
		<pose>Unspecified</pose>
		<truncated>0</truncated>
		<difficult>0</difficult>
		<bndbox>
			<xmin>241</xmin>
			<ymin>92</ymin>
			<xmax>658</xmax>
			<ymax>591</ymax>
		</bndbox>
	</object>
</annotation>
