<annotation>
	<folder>images_jpg</folder>
	<filename>signs_6.jpg</filename>
	<path>C:\Users\itane\Documents\GitHub\ComputerVisionAndSensorFunsion\exercises3\data\images_jpg\signs_6.jpg</path>
	<source>
		<database>Unknown</database>
	</source>
	<size>
		<width>3840</width>
		<height>2159</height>
		<depth>3</depth>
	</size>
	<segmented>0</segmented>
	<object>
		<name>traffic sign</name>
		<pose>Unspecified</pose>
		<truncated>0</truncated>
		<difficult>0</difficult>
		<bndbox>
			<xmin>1689</xmin>
			<ymin>37</ymin>
			<xmax>3249</xmax>
			<ymax>2149</ymax>
		</bndbox>
	</object>
	<object>
		<name>traffic sign</name>
		<pose>Unspecified</pose>
		<truncated>1</truncated>
		<difficult>0</difficult>
		<bndbox>
			<xmin>749</xmin>
			<ymin>1689</ymin>
			<xmax>1386</xmax>
			<ymax>2159</ymax>
		</bndbox>
	</object>
</annotation>
