<annotation>
	<folder>images_jpg</folder>
	<filename>signs_11.jpg</filename>
	<path>C:\Users\itane\Documents\GitHub\ComputerVisionAndSensorFunsion\exercises3\data\images_jpg\signs_11.jpg</path>
	<source>
		<database>Unknown</database>
	</source>
	<size>
		<width>537</width>
		<height>360</height>
		<depth>3</depth>
	</size>
	<segmented>0</segmented>
	<object>
		<name>traffic sign</name>
		<pose>Unspecified</pose>
		<truncated>1</truncated>
		<difficult>0</difficult>
		<bndbox>
			<xmin>56</xmin>
			<ymin>27</ymin>
			<xmax>192</xmax>
			<ymax>360</ymax>
		</bndbox>
	</object>
	<object>
		<name>car</name>
		<pose>Unspecified</pose>
		<truncated>0</truncated>
		<difficult>0</difficult>
		<bndbox>
			<xmin>327</xmin>
			<ymin>202</ymin>
			<xmax>421</xmax>
			<ymax>282</ymax>
		</bndbox>
	</object>
</annotation>
