<annotation>
	<folder>images_jpg</folder>
	<filename>t_lights_12.jpg</filename>
	<path>C:\Users\itane\Documents\GitHub\ComputerVisionAndSensorFunsion\exercises3\data\images_jpg\t_lights_12.jpg</path>
	<source>
		<database>Unknown</database>
	</source>
	<size>
		<width>4763</width>
		<height>3176</height>
		<depth>3</depth>
	</size>
	<segmented>0</segmented>
	<object>
		<name>traffic light</name>
		<pose>Unspecified</pose>
		<truncated>0</truncated>
		<difficult>0</difficult>
		<bndbox>
			<xmin>2286</xmin>
			<ymin>317</ymin>
			<xmax>4672</xmax>
			<ymax>2948</ymax>
		</bndbox>
	</object>
</annotation>
